,rpm,Q_pcm,soc,outdoor_temp,e_price,load,u_pcm_charge,u_pcm_discharge,e,EER
0,0.0,0.0,0.0,20.2999999999999,0.10808,0.0,1.0,1.0,-0.0,-1.920669013528253
1,0.0,0.0,-0.18518518518518517,19.85,0.09,0.0,0.0,0.0,-0.0,-1.810635135960858
2,846.746969953942,0.0,-0.5555555555555556,19.3625,0.07416,0.0,0.0,0.0,0.0,4.651182392812976
3,0.710705482317889,0.0,-0.7407407407407407,19.125,0.07711,0.0,0.0,0.0,-0.0,-1.6239845695392856
4,0.0,0.0,-0.7407407407407407,18.9249999999999,0.10808,0.0,0.0,0.0,-0.0,-1.5801042270525336
5,0.0,0.0,-0.7407407407407407,18.8125,0.11008,0.0,0.0,0.0,-0.0,-1.5516674740096912
6,1811.1797394850378,-5.0,-0.9259259259259258,19.1499999999999,0.08579,0.0,0.0,1.0,0.0,8.621197699988183
7,307.96975174219114,0.0,-1.6666666666666663,19.8125,0.0871,0.0,0.0,0.0,0.0,0.818890046524376
8,232.39378696851145,0.0,-1.6666666666666663,20.6,0.0782,0.8470512661650105,0.0,0.0,49.09725772438144,0.01725251684972151
9,1270.927025455224,0.0,-1.6666666666666663,21.3999999999999,0.0685,3.087493896493438,0.0,0.0,0.48902023381828613,6.313632203694689
10,0.0,0.0,-1.8518518518518514,22.2,0.06492,1.7388866589567415,0.0,0.0,-0.7337121026320762,-2.369984974649812
11,1200.0,0.0,-1.8518518518518514,22.9125,0.05813,2.125585536096238,1.0,1.0,0.3760651641278897,5.6521734498475995
12,91.9679196771428,5.0,-1.4814814814814812,23.6124999999999,0.056119999999999996,4.0290582285955,1.0,0.0,-2.1569623062976264,-1.8679316818991059
13,1200.0,5.0,-0.9259259259259258,24.1374999999999,0.06194,7.422789397710174,1.0,0.0,1.3793041081894395,5.381546646340226
14,0.0,5.0,-0.5555555555555556,24.4624999999999,0.065,3.5721763432640863,1.0,0.0,-1.243441251610382,-2.8728147297974527
15,2900.0,-5.0,-5.551115123125783e-17,24.6749999999999,0.0685,1.8029410029087702,0.0,1.0,0.23939917610456035,7.531107801813466
16,2900.0,5.0,0.18518518518518512,24.7875,0.07314,12.492707925344373,1.0,0.0,1.6641007132960746,7.507182603509699
17,1946.5076238351714,5.0,0.3703703703703703,24.625,0.08211,9.91289916947611,1.0,0.0,1.3011946352966386,7.6183062092138325
18,2517.118291880318,-5.0,0.3703703703703703,24.1625,0.11008,1.208548212401423,0.0,1.0,0.1494735291401674,8.085366147126415
19,423.1979289625669,0.0,-0.18518518518518523,23.5749999999999,0.11008,0.0,0.0,0.0,0.0,0.8286612467729824
20,0.0,0.0,-0.18518518518518523,22.9749999999999,0.11008,0.0,0.0,0.0,-0.0,-2.5461679355162747
21,0.0,0.0,-0.18518518518518523,22.375,0.10208,0.0,0.0,0.0,-0.0,-2.4101273526131797
22,833.3667267066821,0.0,-0.18518518518518523,21.7749999999999,0.08056999999999999,0.0,0.0,0.0,0.0,3.990326973670797
23,1875.5365411525804,-5.0,-0.3703703703703704,21.175,0.08315,0.0,0.0,1.0,0.0,8.263338051285194
24,0.0,0.0,-0.7407407407407407,20.5749999999999,0.08315,0.0,0.0,0.0,-0.0,-1.9872300216451915
25,0.0,0.0,-0.9259259259259258,20.2374999999999,0.08598,0.0,1.0,1.0,-0.0,-1.9054693652857468
26,0.0,0.0,-1.6666666666666663,19.85,0.08315,0.0,0.0,0.0,-0.0,-1.810635135960858
27,0.0,0.0,-2.0370370370370368,19.625,0.079,0.0,0.0,0.0,-0.0,-1.755098743113369
28,0.0,0.0,-2.407407407407407,19.5124999999999,0.07772,0.0,1.0,1.0,-0.0,-1.727200683173655
29,1330.2922989129097,0.0,-2.592592592592592,19.4124999999999,0.06702,0.0,0.0,0.0,0.0,7.042583202814436
30,0.0,0.0,-2.592592592592592,19.6625,0.07937999999999999,0.0,0.0,0.0,-0.0,-1.7643788573871997
31,0.0,0.0,-2.9629629629629624,20.1374999999999,0.079,0.0,0.0,0.0,-0.0,-1.8810943486505831
32,125.15918819870672,0.0,-3.3333333333333326,20.8125,0.078,0.0,0.0,0.0,-0.0,-0.936110669102515
33,322.6644944151637,0.0,-3.703703703703703,21.6,0.06244,0.0,0.0,0.0,0.0,0.5055840520676465
34,888.4247697564703,0.0,-4.0740740740740735,22.4875,0.0573,0.0,0.0,0.0,0.0,4.1472722603694
35,0.0,0.0,-4.444444444444444,23.2999999999999,0.06,0.0,1.0,1.0,-0.0,-2.618828364816462
36,0.0,0.0,-4.444444444444444,24.0125,0.05583,0.0,0.0,0.0,-0.0,-2.7755940524699443
37,426.3216312917708,0.0,-4.444444444444444,24.4499999999999,0.05383,0.0,0.0,0.0,0.0,0.6616504510252397
38,0.0,0.0,-4.629629629629629,24.6749999999999,0.0573,0.0,0.0,0.0,-0.0,-2.918242983688269
39,0.0,0.0,-4.629629629629629,24.6999999999999,0.058100000000000006,0.0,1.0,1.0,-0.0,-2.9235671762710886
40,0.0,0.0,-4.814814814814814,24.7875,0.06745000000000001,0.0,1.0,1.0,-0.0,-2.942168181992037
41,0.0,0.0,-4.814814814814814,24.625,0.07848000000000001,0.0,0.0,0.0,-0.0,-2.9075817724963793
42,0.0,0.0,-4.999999999999999,24.25,0.08334000000000001,0.0,0.0,0.0,-0.0,-2.8270775824407504
43,0.0,0.0,-4.999999999999999,23.7624999999999,0.09447,0.0,0.0,0.0,-0.0,-2.720984017173317
44,11.097440499231414,0.0,-4.999999999999999,23.175,0.09447,0.0,0.0,0.0,-0.0,-2.490312985392719
45,120.95563718838972,0.0,-5.185185185185184,22.5749999999999,0.08598,0.0,0.0,0.0,-0.0,-1.3838173136379157
46,241.59954612547907,0.0,-5.370370370370369,21.9749999999999,0.08266,0.0,0.0,0.0,-0.0,-0.23212468234803474
47,0.0,0.0,-5.74074074074074,21.375,0.08178,0.0,0.0,0.0,-0.0,-2.177920609901091
48,0.0,0.0,-6.11111111111111,20.7749999999999,0.07953,0.0,1.0,1.0,-0.0,-2.035313101549677
49,0.0,0.0,-6.11111111111111,20.2624999999999,0.08315,0.0,0.0,0.0,-0.0,-1.9115524310893148
50,0.0,0.0,-6.48148148148148,19.85,0.078,0.0,0.0,0.0,-0.0,-1.810635135960858
51,1200.0,0.0,-6.666666666666665,19.5375,0.07831,0.0,0.0,0.0,0.0,6.450877657232302
52,344.83291953516436,0.0,-6.666666666666665,19.325,0.078,0.0,1.0,1.0,0.0,1.229368829270098
53,0.054813004455134366,0.0,-7.2222222222222205,19.3,0.078,0.0,0.0,0.0,-0.0,-1.6737698318614724
54,0.0,0.0,-7.777777777777776,19.6499999999999,0.08315,0.0,0.0,0.0,-0.0,-1.7612865547980867
55,0.0,0.0,-7.777777777777777,20.3125,0.08315,0.0,1.0,1.0,-0.0,-1.923705736670211
56,947.7559283447102,0.0,-7.4074074074074066,21.1875,0.07266,1.0943803299491215,1.0,1.0,0.22882064243255146,4.782699315564187
57,2373.8732878333267,-5.0,-6.666666666666666,22.175,0.06935,1.094250029517053,0.0,1.0,0.12793989663161198,8.552844408400754
58,0.0,5.0,-6.111111111111111,23.0,0.0664,2.7741465495025315,1.0,0.0,-1.0871405253087136,-2.5517828513611533
59,1527.2308579706562,5.0,-5.37037037037037,23.7999999999999,0.06423999999999999,8.759460657572381,1.0,0.0,1.2994007264655265,6.741154194517662
60,2900.0,5.0,-4.444444444444445,24.5125,0.0583,14.900973738420394,1.0,0.0,1.9695122519282102,7.565819265065198
61,2900.0,5.0,-3.703703703703704,25.0375,0.05736,21.26629228452238,1.0,0.0,2.8528794996950397,7.454325458469469
62,1966.1216222986388,0.0,-3.148148148148149,25.3624999999999,0.06665,4.909029248210138,0.0,0.0,0.6548973700149763,7.495875648573573
63,2899.993543222182,-5.0,-2.7777777777777786,25.575,0.06854,2.1773553702599875,0.0,1.0,0.29655585810456286,7.342142502854461
64,2900.0,5.0,-2.5925925925925934,25.6,0.07739,19.44254543038153,1.0,0.0,2.6499456569304036,7.336960054080141
65,2900.0,5.0,-2.222222222222223,25.4249999999999,0.07933,16.017498381634923,1.0,0.0,2.1723820837777437,7.3732417981374185
66,0.0,5.0,-2.222222222222223,24.9624999999999,0.09690000000000001,6.8345635710657415,1.0,0.0,-2.2940835045696084,-2.9792130746121073
67,1550.3828226964333,0.0,-2.222222222222223,24.375,0.10890000000000001,3.7891150347934137,0.0,0.0,0.566217504610236,6.691977912978345
68,0.0,0.0,-2.4074074074074083,23.6875,0.10890000000000001,0.0,0.0,0.0,-0.0,-2.704517637413628
69,1925.9955991715246,-5.0,-2.7777777777777786,22.8125,0.095,0.0,0.0,1.0,0.0,7.980160615720907
70,0.042300925531569875,0.0,-3.148148148148149,21.8249999999999,0.07798999999999999,0.0,0.0,0.0,-0.0,-2.2828756045311795
71,77.52078178522505,0.0,-3.333333333333334,20.9125,0.09,0.0,0.0,0.0,-0.0,-1.3748366678936226
72,1836.7071846200902,-5.0,-3.703703703703704,19.925,0.09035,0.0,0.0,1.0,0.0,8.484698232377497
73,0.0,0.0,-3.8888888888888893,19.1,0.09035,0.0,0.0,0.0,-0.0,-1.624167093711282
74,447.91838108531834,0.0,-3.8888888888888893,18.2125,0.08244,0.0,0.0,0.0,0.0,2.293849090747485
75,0.0,0.0,-3.8888888888888893,17.75,0.08244,0.0,0.0,0.0,-0.0,-1.2788281418048333
76,264.09027143748216,0.0,-4.074074074074074,17.35,0.09035,0.0,0.0,0.0,0.0,1.094771872073138
77,1241.8414382038438,0.0,-4.444444444444445,17.3,0.09156,0.0,0.0,0.0,0.0,7.210381328469504
78,0.0,0.0,-4.62962962962963,17.5625,0.1019,0.0,0.0,0.0,-0.0,-1.2298783977152827
79,0.0,0.0,-4.62962962962963,18.0375,0.10890000000000001,0.0,1.0,1.0,-0.0,-1.3534173349522853
80,0.0,0.0,-4.62962962962963,18.625,0.0999,0.7733080400472785,0.0,0.0,-0.5141400626559128,-1.5040804952109195
81,1200.0,0.0,-4.074074074074074,19.3125,0.08263,2.100990226095167,0.0,0.0,0.3228867559226324,6.506895026064773
82,196.73800529336884,5.0,-3.703703703703704,20.0125,0.08042,3.956699598473871,1.0,0.0,-29.262139511360605,-0.13521566312462352
83,2900.0,-5.0,-3.518518518518519,20.625,0.07171,2.8424884964163857,0.0,1.0,0.33638621169828864,8.450074341827866
84,1468.548895147068,0.0,-3.518518518518519,21.05,0.07015,3.791886433012081,0.0,0.0,0.5289600815311226,7.168568225481447
85,785.533234713373,5.0,-4.2592592592592595,21.4499999999999,0.07756,2.3087298253414255,1.0,0.0,0.6110887072185871,3.7780600395149997
86,0.0,0.0,-4.814814814814815,21.7625,0.07858,1.2229488737367442,0.0,0.0,-0.539049735022863,-2.2687125032811206
87,2644.152278730111,-5.0,-4.814814814814815,21.8874999999999,0.08042,1.6077112928515422,0.0,1.0,0.18892300606887266,8.509875670014717
88,570.0526335497585,5.0,-5.37037037037037,21.8125,0.07858,2.175597111405096,1.0,0.0,0.9512493250730262,2.2870945125118256
89,2532.114086993268,-5.0,-5.7407407407407405,21.625,0.09690000000000001,1.4377397795445104,0.0,1.0,0.16621363520513896,8.649950876593659
90,2047.3008922480462,-5.0,-6.111111111111111,21.25,0.10690000000000001,0.43762683657331397,0.0,1.0,0.051292259384644295,8.53202494535324
91,2269.731262571536,-5.0,-6.666666666666666,20.7624999999999,0.12190000000000001,0.9935900986630851,0.0,1.0,0.11223032071455236,8.85313427188889
92,2028.6168160727564,-5.0,-7.037037037037036,20.175,0.12190000000000001,0.48259254667557916,0.0,1.0,0.0550625036257423,8.76444975978103
93,0.0,0.0,-7.222222222222221,19.75,0.0979,0.0,0.0,0.0,-0.0,-1.7859950481161944
94,0.6602015552807923,0.0,-7.222222222222221,19.2624999999999,0.10690000000000001,0.0,0.0,0.0,-0.0,-1.6588939178346018
95,762.0360098012458,0.0,-7.4074074074074066,18.7624999999999,0.07823999999999999,0.0,0.0,0.0,0.0,4.289830392822568
96,1788.1299885001245,-5.0,-7.4074074074074066,18.35,0.075,0.0,0.0,1.0,0.0,8.771513840746573
97,1080.6095697192695,0.0,-7.962962962962962,18.2124999999999,0.074,0.0,1.0,1.0,0.0,6.215613514408638
98,824.1865238196527,0.0,-8.148148148148147,18.1125,0.07204,0.0,0.0,0.0,0.0,4.834506315088987
99,1772.976362890388,-5.0,-8.333333333333332,18.0124999999999,0.074,0.0,0.0,1.0,0.0,8.822767377030713
100,0.0,0.0,-8.703703703703702,18.0,0.074,0.0,0.0,0.0,-0.0,-1.3437203748248046
101,0.0,0.0,-8.703703703703702,18.0,0.074,0.0,0.0,0.0,-0.0,-1.3437203748248046
102,260.47566007723754,0.0,-8.518518518518517,18.3499999999999,0.08600000000000001,0.0,0.0,0.0,0.0,0.80575934753877
103,950.4965485374909,0.0,-8.703703703703702,19.1,0.09416,0.0,0.0,0.0,0.0,5.307222897150757
104,48.902101256243256,0.0,-8.703703703703702,20.0749999999999,0.10421,0.7098653366757266,0.0,0.0,-0.4978792256059335,-1.4257781810675065
105,0.0,5.0,-8.518518518518517,21.0749999999999,0.09,2.2502474483918737,1.0,0.0,-1.0680246282045132,-2.1069246803557604
106,545.0890840342735,5.0,-7.962962962962962,22.0749999999999,0.10421,3.2595474215092795,1.0,0.0,1.5884752296331195,2.051997639435723
107,0.0,5.0,-7.962962962962962,22.9875,0.075,2.0956239136418686,1.0,0.0,-0.8221434697518479,-2.5489759278564876
108,1624.5164280478823,0.0,-7.222222222222221,23.7999999999999,0.074,4.063687998584806,1.0,1.0,0.576790129477297,7.045349410308791
109,2344.2695533170972,0.0,-6.851851851851851,24.425,0.074,5.854839572834296,1.0,1.0,0.7275354839981858,8.047496928478193
110,457.2547977201025,5.0,-6.481481481481481,24.8499999999999,0.074,4.550635679307132,1.0,0.0,5.646967907703853,0.8058547088781833
111,0.23391300069291468,0.0,-5.7407407407407405,25.075,0.074,1.6538541937648423,0.0,0.0,-0.5511394861873551,-3.0007906078473736
112,2900.0,5.0,-5.37037037037037,25.1,0.075,14.011618404074625,1.0,0.0,1.8829839109107958,7.441177974429548
113,2109.346595912253,5.0,-5.185185185185185,24.9249999999999,0.074,10.297110427876493,1.0,0.0,1.3226580859981198,7.785164236232652
114,1674.4417186676342,0.0,-5.0,24.4624999999999,0.10021,4.163986225110316,1.0,1.0,0.5911447075524198,7.043937249055172
115,0.0,0.0,-5.555555555555555,23.7875,0.10421,0.0,0.0,0.0,-0.0,-2.726464259742399
116,0.0,0.0,-5.555555555555555,23.0874999999999,0.10421,0.0,0.0,0.0,-0.0,-2.571401388499172
117,0.016059595087544256,0.0,-5.555555555555555,22.2999999999999,0.07418000000000001,0.0,0.0,0.0,-0.0,-2.3928031299673522
118,257.3851921743867,0.0,-5.925925925925926,21.5874999999999,0.07064000000000001,0.0,0.0,0.0,-0.0,-0.013293380139171695
119,37.22982691507446,0.0,-5.925925925925926,20.7999999999999,0.10421,0.0,0.0,0.0,-0.0,-1.7054681798431832
120,0.0,0.0,-6.481481481481481,20.0874999999999,0.10421,0.0,0.0,0.0,-0.0,-1.8688811882804695
121,0.0,0.0,-6.851851851851851,19.3875,0.07242,0.0,0.0,0.0,-0.0,-1.6961012994216396
122,0.0,0.0,-7.037037037037036,18.6875,0.05722,0.0,1.0,1.0,-0.0,-1.519969542365231
123,0.0,0.0,-7.222222222222221,18.25,0.10421,0.0,0.0,0.0,-0.0,-1.408185073635904
124,622.662342025954,0.0,-7.4074074074074066,17.9375,0.10421,0.0,0.0,0.0,0.0,3.5994458780937713
125,0.0,0.0,-7.777777777777777,17.8999999999999,0.0623,0.0,1.0,1.0,-0.0,-1.3178147857218545
126,6.96819494375886,0.0,-7.777777777777777,18.1625,0.07,0.0,0.0,0.0,-0.0,-1.322414592285318
127,210.89946003268238,0.0,-8.148148148148147,18.8999999999999,0.11849,0.0,0.0,0.0,0.0,0.2593399709647417
128,0.0,0.0,-8.148148148148147,19.7,0.11849,1.229986942019261,0.0,0.0,-0.6934780770135288,-1.7736493521413303
129,1200.0,0.0,-8.333333333333332,20.675,0.10421,2.519033543126622,0.0,0.0,0.4080741708901622,6.172979626795955
130,1288.1331854498583,0.0,-8.888888888888888,21.5,0.10421,3.140010854036078,0.0,0.0,0.4934625984230572,6.363219551128113
131,0.0,0.0,-9.074074074074073,22.2999999999999,0.10421,1.168390964448446,0.0,0.0,-0.4882640214051606,-2.3929491283956743
132,1200.0,0.0,-9.074074074074073,23.0125,0.056100000000000004,1.9463787418970995,1.0,1.0,0.34573421105414054,5.6296966850998285
133,1521.523603182822,0.0,-9.444444444444443,23.5375,0.048,0.7035273074513347,0.0,0.0,0.1037661672837052,6.779929584638444
134,1192.169141805826,0.0,-9.444444444444443,23.8624999999999,0.06167,1.0184871353422493,0.0,0.0,0.18841109712111392,5.4056642676813675
135,1200.0,0.0,-9.814814814814813,24.075,0.0663,1.6639388664241235,0.0,0.0,0.3084163647394552,5.395105632056166
136,2900.0,-5.0,-9.999999999999998,24.1,0.06664,2.235301315952696,0.0,1.0,0.2920151542708557,7.654744225634828
137,80.35636758046778,0.0,-10.185185185185183,23.8374999999999,0.07931,0.039846763106974444,1.0,1.0,-0.019734857033071,-2.0191057396666516
138,4.975452315721805,0.0,-10.555555555555554,23.3625,0.08209000000000001,0.0,1.0,1.0,-0.0,-2.587533345779699
139,580.8762213564944,0.0,-10.555555555555554,22.6875,0.10421,0.0,0.0,0.0,0.0,2.160982691959133
140,0.0,0.0,-10.925925925925924,22.0749999999999,0.10421,0.0,0.0,0.0,-0.0,-2.3411835872704345
141,0.7708423481100545,0.0,-10.925925925925924,21.2999999999999,0.09620999999999999,0.0,0.0,0.0,-0.0,-2.153222686687255
142,0.0,0.0,-11.48148148148148,20.5,0.07845,0.0,0.0,0.0,-0.0,-1.969128323536569
143,0.0,0.0,-11.48148148148148,19.7,0.07,0.0,0.0,0.0,-0.0,-1.7736493521413303
144,1806.9808537238323,-5.0,-11.48148148148148,18.9874999999999,0.06309000000000001,0.0,0.0,1.0,0.0,8.652627529925306
145,11.952763435357971,0.0,-11.85185185185185,18.4624999999999,0.0608,0.0,0.0,0.0,-0.0,-1.3542508587484154
146,0.0,0.0,-11.85185185185185,17.9624999999999,0.05997,0.0,0.0,0.0,-0.0,-1.334013795177598
147,1763.60027205375,-5.0,-12.037037037037035,17.6375,0.07,0.0,0.0,1.0,0.0,8.89774457300255
148,0.0,0.0,-12.22222222222222,17.4249999999999,0.06322,0.0,0.0,0.0,-0.0,-1.193829075236581
149,1.4664782007526969,0.0,-12.777777777777775,17.3999999999999,0.08019,0.0,0.0,0.0,-0.0,-1.1739329705500232
150,515.1621662280127,0.0,-12.96296296296296,17.75,0.09523999999999999,0.0,0.0,0.0,0.0,2.902330063204669
151,1788.647841944784,-5.0,-12.96296296296296,18.4125,0.09640000000000001,0.0,0.0,1.0,0.0,8.756709944880209
152,0.0,0.0,-13.518518518518515,19.2874999999999,0.09124,0.9527670656057299,0.0,0.0,-0.5701283604697303,-1.6711448362623857
153,2900.0,-5.0,-13.518518518518515,20.2749999999999,0.08395999999999999,2.126966278650732,0.0,1.0,0.24921224161181407,8.534758424763922
154,0.03466857633039525,5.0,-13.7037037037037,21.1875,0.08183,3.5886356228082765,1.0,0.0,-1.6821951888162672,-2.1333051281246025
155,1307.1956742539478,5.0,-13.518518518518515,22.0,0.07995000000000001,1.8184906817642315,1.0,0.0,0.2874463513471771,6.326365505220354
156,1200.0,0.0,-13.7037037037037,22.7124999999999,0.07773000000000001,1.8432567579667514,1.0,1.0,0.3235298021304444,5.697332195763425
157,2199.738064142961,-5.0,-13.888888888888886,23.3249999999999,0.08045999999999999,0.6287671120129291,0.0,1.0,0.07652268613145075,8.216741254127337
158,0.0,0.0,-14.444444444444441,23.6625,0.079,0.8035524555896126,0.0,0.0,-0.297720049579425,-2.699020293476214
159,0.014454203385471903,0.0,-14.444444444444441,23.875,0.079,1.4732758957956917,0.0,0.0,-0.5366186882230699,-2.745480036623804
160,2034.228700810098,-5.0,-14.444444444444441,23.8999999999999,0.07955,0.19148108984877343,0.0,1.0,0.0242029047382997,7.911492108869298
161,1950.834212116486,-5.0,-14.814814814814811,23.6375,0.08318,0.0,0.0,1.0,0.0,7.839793273437109
162,0.0,0.0,-15.370370370370367,23.25,0.088,0.0,0.0,0.0,-0.0,-2.6076968659948165
163,810.5154158430398,0.0,-15.740740740740737,22.5874999999999,0.08995,0.0,0.0,0.0,0.0,3.666704503560533
164,2184.752960255726,-5.0,-16.111111111111107,21.9749999999999,0.08724,0.7028252106055298,0.0,1.0,0.08257685384679465,8.511164786072932
165,0.0,0.0,-16.48148148148148,21.1125,0.08495,0.0,1.0,1.0,-0.0,-2.1158328398678963
166,90.46220526939646,0.0,-16.851851851851855,20.2125,0.079,0.0,0.0,0.0,-0.0,-1.0924696746055687
167,0.0,0.0,-17.03703703703704,19.3125,0.07324,0.0,0.0,0.0,-0.0,-1.6773903650653514
168,0.001632621797643202,0.0,-17.03703703703704,18.4125,0.07486,0.0,0.0,0.0,-0.0,-1.449843020368261
169,101.46456032632135,0.0,-17.03703703703704,17.6875,0.075,0.0,1.0,1.0,-0.0,-0.3595987396964351
170,416.4317741425052,0.0,-17.407407407407415,16.9874999999999,0.07328,0.0,0.0,0.0,0.0,2.3793799265939186
171,0.0,0.0,-17.592592592592602,16.55,0.075,0.0,0.0,0.0,-0.0,-0.9613941471214745
172,54.38970643264179,0.0,-17.77777777777779,16.2374999999999,0.06915,0.0,0.0,0.0,-0.0,-0.38824981503846256
173,518.5270871540716,0.0,-17.962962962962976,16.1125,0.08006999999999999,0.0,0.0,0.0,0.0,3.361954075921226
174,0.0,0.0,-18.703703703703724,16.3624999999999,0.09003,0.0,0.0,0.0,-0.0,-0.9109052798799583
175,0.0,0.0,-19.259259259259284,17.0125,0.09385,0.0,0.0,0.0,-0.0,-1.0849051332114774
176,1306.747471986797,0.0,-19.074074074074097,17.7999999999999,0.08532,0.7466601068413472,1.0,1.0,0.10149639395336292,7.356518569363496
177,1200.0,0.0,-19.629629629629658,18.6,0.08002,2.16149483043165,0.0,0.0,0.323259231270985,6.686567996629585
178,1220.3343651802406,0.0,-19.629629629629658,19.3999999999999,0.07744,3.0776515890542018,1.0,1.0,0.4679560571539369,6.576796137167619
179,480.71948226005753,0.0,-19.814814814814845,20.1124999999999,0.0726,1.8285462333786173,0.0,0.0,0.8885250038565601,2.05795697976082
180,0.0,5.0,-20.18518518518522,20.725,0.07144,3.150253326527336,1.0,0.0,-1.5569739171109296,-2.0233179836261126
181,0.0,5.0,-20.74074074074078,21.2375,0.07569,1.7285530012174155,1.0,0.0,-0.8056804752684577,-2.145457230599328
182,2121.776997713053,-5.0,-21.111111111111153,21.5625,0.07514,0.5912449567993608,0.0,1.0,0.06916800799330752,8.547954089650347
183,0.024280228912339136,0.0,-21.481481481481527,21.6875,0.07606,1.0943247640968679,0.0,0.0,-0.4861506441150578,-2.2509993092549987
184,870.1571960303213,0.0,-21.666666666666714,21.6999999999999,0.07933,1.3039573235160173,0.0,0.0,0.30872562450068985,4.223677012962375
185,0.0,0.0,-21.8518518518519,21.4375,0.08379,1.0522393922569342,1.0,1.0,-0.47989743022305165,-2.1926339379810047
186,0.0,0.0,-22.037037037037088,20.9624999999999,0.08652,0.28788669858445465,0.0,0.0,-0.13839758607968838,-2.080142484701225
187,1200.0,0.0,-22.037037037037088,20.375,0.08732,0.94893048208237,0.0,0.0,0.1519404118177617,6.245412071283072
188,1986.0484240054611,-5.0,-22.40740740740746,19.6875,0.08724,0.4176243545119479,0.0,1.0,0.0473467979511508,8.820540619089474
189,0.0,0.0,-22.59259259259265,19.1625,0.08395999999999999,0.0,0.0,0.0,-0.0,-1.6398530621163796
190,257.8581856210149,0.0,-22.59259259259265,18.5749999999999,0.07765999999999999,0.0,0.0,0.0,0.0,0.7270323413941857
191,304.79671476186036,0.0,-22.777777777777835,18.0625,0.06933,0.0,0.0,0.0,0.0,1.235249606213433
192,323.00165985061454,0.0,-22.777777777777835,17.4749999999999,0.06604,0.0,0.0,0.0,0.0,1.532047940711823
193,0.0,0.0,-22.777777777777835,17.3125,0.06459000000000001,0.0,1.0,1.0,-0.0,-1.1642379798297848
194,0.0,0.0,-22.777777777777835,17.2124999999999,0.064,0.0,1.0,1.0,-0.0,-1.1378621030970753
195,0.0,0.0,-22.962962962963022,17.1125,0.06490000000000001,0.0,0.0,0.0,-0.0,-1.1114178208909997
196,327.08971007031323,0.0,-22.962962962963022,17.1,0.067,0.0,0.0,0.0,0.0,1.663028952593903
197,0.0,0.0,-23.14814814814821,17.1,0.079,0.0,0.0,0.0,-0.0,-1.108107475855387
198,0.0,0.0,-23.14814814814821,17.4499999999999,0.08644,0.0,0.0,0.0,-0.0,-1.2003931170251303
199,0.07989409392706508,0.0,-23.333333333333396,18.1124999999999,0.08811000000000001,0.0,0.0,0.0,-0.0,-1.372056085860693
200,0.0,0.0,-23.14814814814821,18.8999999999999,0.08231000000000001,0.31579607696777084,0.0,0.0,-0.2006592933466025,-1.573792430447218
201,2785.3756209106195,-5.0,-23.14814814814821,19.7,0.07681,2.0087901692669767,0.0,1.0,0.22655029622683875,8.86686180827426
202,1290.2784062583598,0.0,-23.518518518518583,20.5,0.0725,3.2322349397877086,0.0,0.0,0.48895860567953364,6.610446983125877
203,779.550146329343,5.0,-23.888888888888957,21.2999999999999,0.06822,2.019221419041017,1.0,0.0,0.5346478556733155,3.776731539487959
204,0.0,0.0,-24.074074074074144,22.0125,0.07,1.5150551717078382,0.0,0.0,-0.651148534222225,-2.3267428122486993
205,0.0,0.0,-24.25925925925933,22.5375,0.0712,0.37698623449793195,0.0,0.0,-0.15404705331246218,-2.447214837230738
206,2247.709331619858,-5.0,-24.25925925925933,22.9499999999999,0.0725,0.7649327570269531,0.0,1.0,0.09179608949970774,8.332955806678328
207,428.4283994809397,0.0,-24.81481481481489,23.1749999999999,0.07399,1.4367071374630869,0.0,0.0,1.5019505959317954,0.9565608491747812
208,158.73679229880932,0.0,-25.370370370370452,23.2875,0.07832,0.0,0.0,0.0,-0.0,-1.2206421864788557
209,768.2015637926778,0.0,-25.740740740740826,23.125,0.08299,0.0,0.0,0.0,0.0,3.287235732964149
210,0.0,0.0,-25.740740740740826,22.75,0.08644,0.0,0.0,0.0,-0.0,-2.495441302518617
211,243.84109018034925,0.0,-25.925925925926013,22.175,0.08793000000000001,0.9426566629699528,0.0,0.0,-3.6259718374771577,-0.2599735202647975
212,304.6689323217687,0.0,-26.296296296296386,21.4874999999999,0.08677,0.5797974908060917,0.0,0.0,1.4877032591574926,0.3897265716379752
213,0.0,0.0,-26.66666666666676,21.05,0.085,0.0,0.0,0.0,-0.0,-2.100980563170098
214,0.0,0.0,-26.851851851851947,20.65,0.07798000000000001,0.0,0.0,0.0,-0.0,-2.005293241675062
215,59.02001612845242,0.0,-26.851851851851947,20.25,0.08,0.0,0.0,0.0,-0.0,-1.3785480642062862
216,742.0167072180478,0.0,-27.407407407407508,19.85,0.0727,0.0,0.0,0.0,0.0,3.8931786348449533
217,0.0,0.0,-27.592592592592695,19.625,0.06833,0.0,1.0,1.0,-0.0,-1.755098743113369
218,0.0,0.0,-27.77777777777788,19.25,0.06772,0.0,0.0,0.0,-0.0,-1.6617685267915845
219,0.0,0.0,-27.96296296296307,19.1125,0.06831000000000001,0.0,0.0,0.0,-0.0,-1.6273064250633458
220,946.5126845083004,0.0,-28.333333333333442,18.9249999999999,0.06931999999999999,0.0,0.0,0.0,0.0,5.329369552325238
221,0.0,0.0,-28.51851851851863,18.8999999999999,0.08091,0.0,1.0,1.0,-0.0,-1.573792430447218
222,364.252680636385,0.0,-28.333333333333442,19.3374999999999,0.08927,0.0,0.0,0.0,0.0,1.376736835348647
223,174.73129794604276,0.0,-28.148148148148255,20.1,0.093,0.0,1.0,1.0,-0.0,-0.34121719515519455
224,819.8581886727542,0.0,-28.148148148148255,20.8999999999999,0.08811000000000001,1.05415186912208,0.0,0.0,0.2560995912910489,4.116179427729231
225,1234.2421973011649,0.0,-28.148148148148255,21.7874999999999,0.08628000000000001,2.9245513140349324,0.0,0.0,0.482335503088695,6.063313389346641
226,0.0,5.0,-28.148148148148255,22.6,0.08587,4.638536273817913,1.0,0.0,-1.8844875108600518,-2.4614311567928375
227,2900.0,-5.0,-27.592592592592695,23.3999999999999,0.08218,2.888264769972636,0.0,1.0,0.36989623887930845,7.808310727147006
228,0.0,5.0,-27.407407407407508,23.5,0.07926000000000001,4.82511546696905,1.0,0.0,-1.8117849352940536,-2.6631833464196077
229,0.0,5.0,-27.22222222222232,23.5,0.08091,3.071051443708503,1.0,0.0,-1.1531505886882458,-2.6631833464196077
230,2811.7016653935516,-5.0,-27.22222222222232,23.5,0.083,1.7338025624724736,0.0,1.0,0.21842294573252405,7.9378224511066255
231,1200.0,0.0,-27.407407407407508,23.4124999999999,0.08605,2.065159678739213,0.0,0.0,0.37274063513374694,5.5404736808429575
232,0.0,0.0,-27.77777777777788,23.1375,0.08628000000000001,0.0,0.0,0.0,-0.0,-2.582588466768016
233,1926.8176503582276,-5.0,-28.148148148148255,22.8374999999999,0.093,0.0,0.0,1.0,0.0,7.9759977321180955
